Type,AP_height,AP_width,AP1_peak,AP1_width,Spikecount,ISI mean,dvdt Peak1 Height,dvdt Peak1 Voltage,dvdt Peak2 Height,dvdt Peak2 Voltage,dvdt Threshold,dvdt Peak2 Shoulder,dvdt Threshold_DEBUG,ais spikecount,nex spikecount,disdend spikecount
./Plots/12HH16HH/10-KevinRtR_chandensities/11-ShiftAIS/25-right4_shoulderPeak/right4_60:40,2.4799846500479723,2.899999999999835,3.2186502813400875,1.4626603666447942,24,71.16956521736502,170.77076830766876,-31.15637624068924,170.77076830766876,-31.15637624068924,-43.51758740003816,108.81006347554525,-43.51758740003816,24,0,0
