Type,AP_height,AP_width,AP1_peak,AP1_width,Spikecount,ISI mean,dvdt Peak1 Height,dvdt Peak1 Voltage,dvdt Peak2 Height,dvdt Peak2 Voltage,dvdt Threshold,dvdt Threshold_DEBUG,ais spikecount,nex spikecount,disdend spikecount
40:60,6.415259129846003,2.899999999999835,10.248181720522028,1.1513646761783474,39,43.07105263156338,190.94597783913656,-26.23338117010991,187.07191172493756,-26.28808902787247,-46.21296956200706,-46.21296956200706,39,0,0
