Type,AP_height,AP_width,AP1_peak,AP1_width,Spikecount,ISI mean,dvdt Peak1 Height,dvdt Peak1 Voltage,dvdt Peak2 Height,dvdt Peak2 Voltage,dvdt Threshold,dvdt Peak2 Shoulder,dvdt Threshold_DEBUG,ais spikecount,nex spikecount,disdend spikecount
./Plots/12HH16HH/10-KevinRtR_chandensities/11-ShiftAIS/33-rerunHigherPeak2/left1/left1_40:60,33.50159730237333,3.9999999999997726,35.78789669496662,1.0046235364679212,34,50.439393939375464,593.6581003023412,6.570624638004473,592.1007413065383,7.555533409975105,-49.94250426050296,587.5279845502213,-49.94250426050296,34,0,0
