Type,AP_height,AP_width,AP1_peak,AP1_width,Spikecount,ISI mean,dvdt Peak1 Height,dvdt Peak1 Voltage,dvdt Peak2 Height,dvdt Peak2 Voltage,dvdt Threshold,dvdt Peak2 Shoulder,dvdt Threshold_DEBUG,ais spikecount,nex spikecount,disdend spikecount
./Plots/12HH16HH/10-KevinRtR_chandensities/11-ShiftAIS/33-rerunHigherPeak2/right5/right5_50:50,30.885877979712696,3.5999999999997954,31.15377326203036,1.0839424320523425,29,59.62142857140649,495.15209330511,7.576915872871696,492.29761175759063,7.233648975524513,-47.80181722982912,488.47511416506535,-47.80181722982912,29,0,0
