Type,AP_height,AP_width,AP1_peak,AP1_width,Spikecount,ISI mean,dvdt Peak1 Height,dvdt Peak1 Voltage,dvdt Peak2 Height,dvdt Peak2 Voltage,dvdt Threshold,dvdt Peak2 Shoulder,dvdt Threshold_DEBUG,ais spikecount,nex spikecount,disdend spikecount
./Plots/12HH16HH/10-KevinRtR_chandensities/11-ShiftAIS/33-rerunHigherPeak2/right5/right5_70:30,34.02777697652551,3.3999999999998067,34.89024906134077,0.6429657263566337,5,184.87500000004016,520.8279586724027,9.163978000968918,133.125517115767,-10.182849989897461,-45.706577442876984,132.45276780369898,-45.706577442876984,20,1,0
