Type,AP_height,AP_width,AP1_peak,AP1_width,Spikecount,ISI mean,dvdt Peak1 Height,dvdt Peak1 Voltage,dvdt Peak2 Height,dvdt Peak2 Voltage,dvdt Threshold,dvdt Peak2 Shoulder,dvdt Threshold_DEBUG,ais spikecount,nex spikecount,disdend spikecount
./Plots/12HH16HH/10-KevinRtR_chandensities/11-ShiftAIS/29-left1_shoulderPeak/left1_60:40,6.32760695511351,3.799999999999784,9.513314813383984,1.1543823570543468,31,54.94999999997973,184.6262879535242,-22.716878124256063,184.6262879535242,-22.716878124256063,-43.796438433780224,168.1229691116073,-43.796438433780224,31,0,0
./Plots/12HH16HH/10-KevinRtR_chandensities/11-ShiftAIS/29-left1_shoulderPeak/left1_50:50,6.686520754982591,3.099999999999824,10.21399431049343,1.1467043196077586,36,46.89714285712577,194.12924126557093,-24.02096115820064,194.12924126557093,-24.02096115820064,-45.35396314745741,180.9304844694676,-45.35396314745741,36,0,0
./Plots/12HH16HH/10-KevinRtR_chandensities/11-ShiftAIS/29-left1_shoulderPeak/left1_40:60,6.415259129846003,2.899999999999835,10.248181720522028,1.1513646761783474,39,43.07105263156338,196.93866603709367,-25.216128412346144,196.93866603709367,-25.216128412346144,-46.386809267341015,187.64010236931128,-46.386809267341015,39,0,0
