Type,AP_height,AP_width,AP1_peak,AP1_width,Spikecount,ISI mean,dvdt Peak1 Height,dvdt Peak1 Voltage,dvdt Peak2 Height,dvdt Peak2 Voltage,dvdt Threshold,dvdt Peak2 Shoulder,dvdt Threshold_DEBUG,ais spikecount,nex spikecount,disdend spikecount
80:20,5.878398369778564,5.200000000001182,4.702544497780651,1.3346915914037716,14,96.4923076922588,182.84440848153096,-27.46618551316526,183.75623606206904,-27.717623760964575,-41.56139980589938,130.86891683361924,-41.56139980589938,14,0,0
70:30,3.899433084836693,3.50000000000054,3.1489531651567737,1.476119363574772,21,80.18499999997073,178.50088639025577,-28.98389488369495,179.62760045409212,-28.982911259815825,-42.510873418949664,118.50342159172146,-42.510873418949664,21,0,0
60:40,2.768382268910353,2.999999999999829,4.581707953465166,1.3736119316936983,28,60.89629629627379,175.8878214450842,-29.528638453850096,177.18667412641196,-29.830566595381445,-43.60228366994272,112.33994554763473,-43.60228366994272,28,0,0
50:50,1.9882591192524264,2.799999999999841,4.776038978085128,1.3291657131656511,32,52.458064516110106,173.82254767378276,-31.42253562422881,173.65635120944916,-30.83132450484272,-44.8174296103992,115.37742420868362,-44.8174296103992,32,0,0
40:60,1.3799926278231651,2.6999999999998465,4.589816762878676,1.3015673182661895,36,47.19142857141123,168.06621062421632,-32.145903579614924,167.63094653969935,-32.30626625807321,-45.8212654994428,124.2329234723563,-45.8212654994428,36,0,0
