Type,AP_height,AP_width,AP1_peak,AP1_width,Spikecount,ISI mean,dvdt Peak1 Height,dvdt Peak1 Voltage,dvdt Peak2 Height,dvdt Peak2 Voltage,dvdt Threshold,dvdt Threshold_DEBUG,ais spikecount,nex spikecount,disdend spikecount
60:40,2.4799846500479723,2.899999999999835,3.2186502813400875,1.4626603666447942,24,71.16956521736502,171.85067185482657,-30.842588733850206,172.26367890315507,-31.625117544314296,-43.764377177280764,-43.764377177280764,24,0,0
