Type,AP_height,AP_width,AP1_peak,AP1_width,Spikecount,ISI mean,dvdt Peak1 Height,dvdt Peak1 Voltage,dvdt Peak2 Height,dvdt Peak2 Voltage,dvdt Threshold,dvdt Threshold_DEBUG,ais spikecount,nex spikecount,disdend spikecount
0:100,8.50481691725812,3.099999999999824,12.855939332728294,1.1272800632184872,44,38.25348837207921,170.10330554911377,-36.52022361501452,185.3896980689143,-7.34069681468701,-48.28682233068023,-48.28682233068023,44,0,0
