Type,AP_height,AP_width,AP1_peak,AP1_width,Spikecount,ISI mean,dvdt Peak1 Height,dvdt Peak1 Voltage,dvdt Peak2 Height,dvdt Peak2 Voltage,dvdt Threshold,dvdt Threshold_DEBUG,ais spikecount,nex spikecount,disdend spikecount
10:90,6.40651766801411,2.799999999999841,10.656521074728873,1.1582189206529103,44,38.77906976742754,173.48537502589707,-34.83023764040298,166.94477778300865,-9.525321478081565,-47.88813469786382,-47.88813469786382,44,0,0
