Type,AP_height,AP_width,AP1_peak,AP1_width,Spikecount,ISI mean,dvdt Peak1 Height,dvdt Peak1 Voltage,dvdt Peak2 Height,dvdt Peak2 Voltage,dvdt Threshold,dvdt Threshold_DEBUG,ais spikecount,nex spikecount,disdend spikecount
30:70,1.2720299876895709,2.6999999999998465,5.261831725678088,1.2716956082009334,37,45.63055555553896,148.76127975817752,-33.55748374055419,118.47246549811317,-13.656955149584576,-46.23019469289204,-46.23019469289204,37,0,0
