Type,AP_height,AP_width,AP1_peak,AP1_width,Spikecount,ISI mean,dvdt Peak1 Height,dvdt Peak1 Voltage,dvdt Peak2 Height,dvdt Peak2 Voltage,dvdt Threshold,dvdt Peak2 Shoulder Before,dvdt Peak2 Shoulder Before Voltage,dvdt Peak2 Shoulder After,dvdt Threshold_DEBUG,ais spikecount,nex spikecount,disdend spikecount
./Plots/12HH16HH//23-PaperPlots/4-SynthMuts_efel_052825/mut12_1,32.249057448976764,0.0,33.301750679618415,1.263680695979019,9,57.412500000008336,449.2665033561237,6.980330228535118,447.37617951534617,6.974663044829064,-47.50860593925948,277.1307361345503,-24.838813586504962,50.37920707217083,-47.50860593925948,9,0,0
