Type,AP_height,AP_width,AP1_peak,AP1_width,Spikecount,ISI mean,dvdt Peak1 Height,dvdt Peak1 Voltage,dvdt Peak2 Height,dvdt Peak2 Voltage,dvdt Threshold,ais spikecount,nex spikecount,disdend spikecount
20:80,4.973419765827628,0.39999999999997726,9.293728588489534,1.1745536998182189,43,39.79761904760428,178.38586805159125,-33.49218933551554,161.268003485657,-10.123275323083035,-47.42797383105521,43,0,0
