Type,AP_height,AP_width,AP1_peak,AP1_width,Spikecount,ISI mean,dvdt Peak1 Height,dvdt Peak1 Voltage,dvdt Peak2 Height,dvdt Peak2 Voltage,dvdt Threshold,ais spikecount,nex spikecount,disdend spikecount
100:0,-18.2464850575544,14.500000000001023,-18.264181055125576,0.7688771223960944,5,344.1999999999037,16.12355923676212,-22.964312993749928,16.12355923676212,-22.964312993749928,-36.64400155759319,5,0,0
