Type,AP_height,AP_width,AP1_peak,AP1_width,Spikecount,ISI mean,dvdt Peak1 Height,dvdt Peak1 Voltage,dvdt Peak2 Height,dvdt Peak2 Voltage,dvdt Threshold,dvdt Peak2 Shoulder,dvdt Threshold_DEBUG,ais spikecount,nex spikecount,disdend spikecount
./Plots/12HH16HH/10-KevinRtR_chandensities/11-ShiftAIS/33-rerunHigherPeak2/right2/right2_0:100,35.88183354815012,2.199999999999875,38.114934739762596,0.6187387140783331,10,184.28888888882204,175.85151431578296,-41.12691015702506,105.69453413653562,-17.705718244329308,-51.17966163634666,149.81675525162572,-51.17966163634666,48,0,0
