Type,AP_height,AP_width,AP1_peak,AP1_width,Spikecount,ISI mean,dvdt Peak1 Height,dvdt Peak1 Voltage,dvdt Peak2 Height,dvdt Peak2 Voltage,dvdt Threshold,dvdt Peak2 Shoulder,dvdt Threshold_DEBUG,ais spikecount,nex spikecount,disdend spikecount
./Plots/12HH16HH/10-KevinRtR_chandensities/11-ShiftAIS/33-rerunHigherPeak2/right2/right2_60:40,33.63186041086403,5.999999999999659,35.78064851160427,1.000846379481932,27,62.87692307690049,532.6442600314352,10.79232409161318,531.1796167225149,8.950453969331745,-47.775911522564215,50.634628100829104,-47.775911522564215,27,0,0
