Type,AP_height,AP_width,AP1_peak,AP1_width,Spikecount,ISI mean,dvdt Peak1 Height,dvdt Peak1 Voltage,dvdt Peak2 Height,dvdt Peak2 Voltage,dvdt Threshold,dvdt Peak2 Shoulder,dvdt Threshold_DEBUG,ais spikecount,nex spikecount,disdend spikecount
./Plots/12HH16HH/10-KevinRtR_chandensities/11-ShiftAIS/33-rerunHigherPeak2/right2/right2_70:30,35.179760325710944,3.099999999999824,37.21878616017111,0.6218280012440658,12,144.56363636358645,542.8299142007188,9.334708852300237,146.61892347081587,-7.707327915914586,-46.284797260165554,147.22614419811606,-46.284797260165554,43,0,0
