Type,AP_height,AP_width,AP1_peak,AP1_width,Spikecount,ISI mean,dvdt Peak1 Height,dvdt Peak1 Voltage,dvdt Peak2 Height,dvdt Peak2 Voltage,dvdt Threshold,dvdt Peak2 Shoulder,dvdt Threshold_DEBUG,ais spikecount,nex spikecount,disdend spikecount
./Plots/12HH16HH/10-KevinRtR_chandensities/11-ShiftAIS/33-rerunHigherPeak2/right3/right3_0:100,35.76128443591765,2.0999999999998806,38.1123154007096,0.6049941848515757,9,196.69999999993445,147.10310097271986,-42.37068913223695,792.4244148794642,9.313662554484093,-50.99719152898689,118.81028984119979,-50.99719152898689,44,0,0
