Type,AP_height,AP_width,AP1_peak,AP1_width,Spikecount,ISI mean,dvdt Peak1 Height,dvdt Peak1 Voltage,dvdt Peak2 Height,dvdt Peak2 Voltage,dvdt Threshold,dvdt Peak2 Shoulder,dvdt Threshold_DEBUG,ais spikecount,nex spikecount,disdend spikecount
./Plots/12HH16HH/10-KevinRtR_chandensities/11-ShiftAIS/33-rerunHigherPeak2/right3/right3_60:40,33.7155432004629,4.799999999999727,35.29216653658276,1.03473142564729,27,64.1153846153609,534.6235385165999,10.711794836816495,532.8828524933095,10.009232632557971,-47.66694371530917,526.1506611085067,-47.66694371530917,27,0,0
