Type,AP_height,AP_width,AP1_peak,AP1_width,Spikecount,ISI mean,dvdt Peak1 Height,dvdt Peak1 Voltage,dvdt Peak2 Height,dvdt Peak2 Voltage,dvdt Threshold,ais spikecount,nex spikecount,disdend spikecount
na12annaTFHH2,20.42657887092273,0.19999999999998863,21.589109510525514,1.1709763029892961,9,59.525000000008745,266.5369351700441,-39.88710801642148,375.11394797429915,0.7722698644809673,-54.48897715499673,9,0,0
