Type,AP_height,AP_width,AP1_peak,AP1_width,Spikecount,ISI mean,dvdt Peak1 Height,dvdt Peak1 Voltage,dvdt Peak2 Height,dvdt Peak2 Voltage,dvdt Threshold,dvdt Peak2 Shoulder Before,dvdt Peak2 Shoulder After,dvdt Threshold_DEBUG,ais spikecount,nex spikecount,disdend spikecount
./Plots/12HH16HH//23-PaperPlots/3-SynthMuts_052325/mut13_2,28.973138264770387,0.0,31.054575476075094,1.0089428271903411,10,50.644444444451764,535.5861809158798,5.0467530045348745,532.0654351206707,3.626439153708845,-47.45423554582215,327.8117047889644,531.995126817437,-47.45423554582215,10,0,0
