Type,AP_height,AP_width,AP1_peak,AP1_width,Spikecount,ISI mean,dvdt Peak1 Height,dvdt Peak1 Voltage,dvdt Peak2 Height,dvdt Peak2 Voltage,dvdt Threshold,dvdt Peak2 Shoulder Before,dvdt Peak2 Shoulder After,dvdt Threshold_DEBUG,ais spikecount,nex spikecount,disdend spikecount
./Plots/12HH16HH//23-PaperPlots/3-SynthMuts_052325/mut5_2,31.477694228696212,0.0,31.69209115409405,1.0251003769684464,9,52.53750000000723,477.83680477361054,8.383320632542572,475.27684204131504,8.337644195131443,-47.515426833436614,475.1022977411605,476.23739951861813,-47.515426833436614,9,0,0
