Type,AP_height,AP_width,AP1_peak,AP1_width,Spikecount,ISI mean,dvdt Peak1 Height,dvdt Peak1 Voltage,dvdt Peak2 Height,dvdt Peak2 Voltage,dvdt Threshold,dvdt Peak2 Shoulder,dvdt Threshold_DEBUG,ais spikecount,nex spikecount,disdend spikecount
./Plots/12HH16HH/10-KevinRtR_chandensities/11-ShiftAIS/33-rerunHigherPeak2/right4/right4_0:100,36.24003679111156,2.0999999999998806,38.213100601745225,0.5932698526914172,9,204.23749999992754,130.20305858235588,-42.740801436048095,789.062295665755,8.348663014062328,-50.71355634851699,107.44970573303263,-50.71355634851699,45,0,0
